{"RFM16": [{"25%": 18508.0, "50%": 20240.0, "75%": 22424.0, "sd": 3614.435275518995}], "TN16": [{"25%": 6.0, "50%": 9.1, "75%": 12.5, "sd": 5.595416202594718}], "PPMsD16": [{"25%": 0.000596091430838467, "50%": 0.0012022473607756546, "75%": 0.0026950925599399725, "sd": 0.008957881320246669}], "NSP19": [{"25%": 0.0, "50%": 0.0, "75%": 0.0, "sd": 0.8825075393888784}], "DP16": [{"25%": 22.7, "50%": 46.2, "75%": 103.9, "sd": 757.2810108183608}], "PGP19": [{"25%": 0.0, "50%": 0.0, "75%": 0.0, "sd": 0.00040462464344634327}], "PGP19_>60": [{"25%": 0.0, "50%": 0.0, "75%": 0.0, "sd": 0.235014607020953}], "PC16_24_64": [{"25%": 0.037037037037037035, "50%": 0.047391096218286265, "75%": 0.060066308480014055, "sd": 0.018595204638140465}], "PC16_15_24": [{"25%": 0.006329113924050633, "50%": 0.009868421052631578, "75%": 0.0141306671418614, "sd": 0.006663035854840267}], "PPop16_<18": [{"25%": 0.1917808219178082, "50%": 0.2224719101123596, "75%": 0.25054824825065525, "sd": 0.045242623799396774}], "PPop16_>65": [{"25%": 0.15827870248180154, "50%": 0.19642857142857145, "75%": 0.24630905154249677, "sd": 0.06867860337062322}], "PRP16": [{"25%": 0.0, "50%": 0.005681818181818182, "75%": 0.046175065516964625, "sd": 0.06316528166628127}]}