{"RFM16": 19554.0, "TN16": 8.0, "PPMsD16": 0.0009156237049825108, "NSP19": 0, "DP16": 61.7, "PGP19": 0, "PGP19_>60": 0, "PC16_24_64": 0.0473, "PC16_15_24": 0.00986, "PPop16_<18": 0.222, "PPop16_>65": 0.1964, "PRP16": 0.0056}